{
    "train": {
        "loss": [
            1.858830660846729,
            1.6061530580377668,
            1.480353240140193,
            1.389529697308953,
            1.3163274447261635,
            1.2542159846939838,
            1.1999550930982825,
            1.1517484311608284,
            1.1082349735068406,
            1.0684283567146506,
            1.0317041899115744,
            0.9977234564380263,
            0.9661247428267163,
            0.93657328874532,
            0.9088189655906266,
            1.093432979669923,
            1.0760268705186622,
            1.064187960394619,
            1.0542539656989025,
            1.0454218856700304,
            1.0373359053636177,
            1.0298008717267735,
            1.022692433259972,
            1.0159370281952078,
            1.009477042777754,
            1.0491389963321038,
            0.997610676313753,
            0.9568751990339652,
            0.9216644437344343,
            0.8902328139191112,
            0.86165161475119,
            0.8353540746396592,
            0.8109920934926905,
            0.7883714629856577,
            0.7672816825874649,
            0.7475766043915197,
            0.7290777929125978,
            0.7116869933621961,
            0.6951856939264761,
            0.679537718599067
        ],
        "mAP": [
            0.3606384652343887,
            0.45645314187124464,
            0.5085589953999544,
            0.5432504285719493,
            0.5742353203726832,
            0.6005226111666084,
            0.6236734045366334,
            0.6436449422789663,
            0.6649831206981814,
            0.6839249493589376,
            0.7003857646495296,
            0.7154716225702027,
            0.7291460754366847,
            0.7425785349980438,
            0.7553824621839317,
            0.6581894724367132,
            0.6644895047536342,
            0.6680081053126978,
            0.672730833712624,
            0.6765171197626259,
            0.6791886853667681,
            0.6825192297579928,
            0.6855485176390987,
            0.688892903539598,
            0.6922563376848215,
            0.6716447062818202,
            0.6958272821967977,
            0.7152954676370112,
            0.7327009567273548,
            0.7468558683220392,
            0.7603157040211125,
            0.7740377843099452,
            0.7851609455849761,
            0.7965796367815785,
            0.8069968125392766,
            0.8165213299522005,
            0.8249251987830692,
            0.8329680766940424,
            0.8400152294060221,
            0.8466122098453805
        ],
        "mAR": [
            0.36916310052919,
            0.46333139221258185,
            0.5149196890558552,
            0.5486898636238531,
            0.5792007690719421,
            0.6049001084436045,
            0.6274626492900002,
            0.6471655421519794,
            0.6680024100122568,
            0.6864860975303897,
            0.7028353061849748,
            0.7176852189437304,
            0.7311422210389391,
            0.7444129102359931,
            0.7568869121968879,
            0.6609027409422094,
            0.6669519289076105,
            0.6704974187760272,
            0.6752247920449737,
            0.678931044236658,
            0.6816152676994625,
            0.68496064154781,
            0.6879651049809976,
            0.6912306798712798,
            0.6945358852159575,
            0.6742335402113004,
            0.6980321626756006,
            0.7172629457820088,
            0.7343294526301369,
            0.7483912145423839,
            0.7617721514985775,
            0.7752734661537023,
            0.7861711951658147,
            0.7974486139746537,
            0.8077248473596264,
            0.8171998344717538,
            0.825552982235725,
            0.833545504724842,
            0.840536328073257,
            0.8470465787095607
        ],
        "mAF1": [
            0.3617520264126139,
            0.45830846779272505,
            0.5105026637031491,
            0.5450293077114848,
            0.5758628625526754,
            0.6019712953187898,
            0.6249645972277642,
            0.644864639131256,
            0.6660689431160104,
            0.6848628047776659,
            0.7012990067139698,
            0.7163036159096345,
            0.7299034011586876,
            0.7432958590593378,
            0.7559749078378767,
            0.6592816970401241,
            0.6654571933600689,
            0.6689935822335265,
            0.6737078276290112,
            0.6774697055182461,
            0.6801461626539066,
            0.6834742963247225,
            0.6864862637208535,
            0.6898119263233136,
            0.6931501741661703,
            0.6726648479059748,
            0.6967064066971596,
            0.7160700806630551,
            0.7333551703873262,
            0.7474624726551355,
            0.760879790819909,
            0.7745215517561004,
            0.7855482909373339,
            0.7968944567678576,
            0.8072554866860203,
            0.8167582938794767,
            0.825146265702822,
            0.8331669530471378,
            0.8401899985935668,
            0.846749254343916
        ]
    },
    "val": {
        "loss": [
            1.8046736478787344,
            1.5952356234665377,
            1.4875317849446175,
            1.4105577263186349,
            1.3491558859544563,
            1.2978244610322076,
            1.253683165953935,
            1.2149962818715758,
            1.1804404970372782,
            1.1492187116267953,
            1.1209925299537669,
            1.095519475281566,
            1.0724867842234764,
            1.0512806510074097,
            1.031644129763917,
            1.1172462997468586,
            1.1010058261945372,
            1.0898344321063842,
            1.0804817536852531,
            1.0721960722586314,
            1.0646365635640187,
            1.0576146925067622,
            1.0510108347233218,
            1.0447529411744185,
            1.0387839083564003,
            1.0715721847789905,
            1.0257059989452062,
            0.9896781161697616,
            0.9587704505242352,
            0.9314763537009164,
            0.9068957524640168,
            0.8845208981181818,
            0.864076644905085,
            0.8453529046204624,
            0.8279235992242336,
            0.8117134380089062,
            0.7966166464281911,
            0.7825161649770719,
            0.7691831531898662,
            0.7565975128715781
        ],
        "mAP": [
            0.3802627224731835,
            0.4581409995112441,
            0.5018019634457372,
            0.5302882511641658,
            0.5559149511994571,
            0.5778008129498986,
            0.5961268150884449,
            0.6123344982597272,
            0.6286434520632994,
            0.642714496981071,
            0.6552834481504309,
            0.6673269465302805,
            0.6787124466445441,
            0.6883992770397607,
            0.6977343520427121,
            0.6466165118464422,
            0.6520484238211315,
            0.6552622317131205,
            0.6595852673779417,
            0.6629615537542832,
            0.6653190572726217,
            0.6683464566742763,
            0.6709804734271818,
            0.6741014606740532,
            0.6770201587964111,
            0.6601369726335576,
            0.6820843304230042,
            0.6995343429889772,
            0.7149914224929427,
            0.7275526904115186,
            0.7391661868090063,
            0.7506321651695179,
            0.7601760212197827,
            0.7699509793632241,
            0.7788702071665494,
            0.7872281675871788,
            0.7943588155939723,
            0.8012211325249445,
            0.807212647351991,
            0.8129234550308538
        ],